FirstName,LastName,PreferredName
Aroha,Harbour,Ari
Mila,Coast,Millie
Theodore,Fern,Theo
Ruby,Tide,Ruby
Finnley,Bay,Finn
Evelyn,Current,Eva
Noah,Reef,Noah
Sophia,Waters,Sophie
Lucas,Cove,Luca
Aria,Shore,Aria
Hunter,Harbour,Hudson
Isabella,Current,Bella
Leonardo,Tide,Leo
Mia,Coast,Mia
Jackson,Reef,Jack
Ella,Fern,Elle
Lucas,Bay,Luke
Chloe,Waters,Chloe
Maxwell,Cove,Max
Zoe,Shore,Zoe
Nina,Harbour,Nina
Ethan,Current,Ethan
Olivia,Tide,Olive
Samuel,Coast,Sam
Holly,Reef,Holly
Tyler,Fern,Tyson
Maya,Bay,Maya
Caleb,Waters,Caleb
Ava,Cove,Ava
Ryan,Shore,Ryan
Emily,Harbour,Emma
Benjamin,Current,Ben
Lucy,Tide,Lucia
Jacob,Coast,Jake
Georgia,Reef,Georgie
Isaac,Fern,Isaac
Rosalie,Bay,Rose
Hannah,Waters,Hannah
Tobias,Cove,Toby
Lillian,Shore,Lily
Mason,Harbour,Mason
Charlotte,Current,Charlie
Daniel,Tide,Daniel
Poppy,Coast,Poppy
Carter,Reef,Carter
Freya,Fern,Freya
Oscar,Bay,Oscar
Brooke,Waters,Brooke
Elijah,Cove,Eli
Molly,Shore,Molly
Archibald,Harbour,Archie
Sienna,Current,Sienna
James,Tide,Jamie
Abigail,Coast,Abby
Levi,Reef,Levi
Paige,Fern,Paige
Connor,Bay,Connor
Bella,Waters,Bella
Harrison,Cove,Harry
Grace,Shore,Grace
Hudson,Harbour,Hudson
Mackenzie,Current,Kenzie
Alexander,Tide,Alex
Olivia,Coast,Liv
Nathaniel,Reef,Nathan
Keira,Fern,Keira
Bailey,Bay,Bailey
Talia,Waters,Talia
Jordan,Cove,Jordan
Summer,Shore,Summer
Blake,Harbour,Blake
Madeline,Current,Maddie
Liam,Tide,Liam
Skylar,Coast,Skye
Cameron,Reef,Cameron
Neve,Fern,Neve
Dylan,Bay,Dylan
Sophie,Waters,Sophia
Tyson,Cove,Tyson
Ayla,Shore,Ayla
Hamish,Harbour,Hamish
Kiera,Current,Kiera
Mitchell,Tide,Mitchell
Georgia,Coast,Georgia
Cooper,Reef,Cooper
Phoebe,Fern,Phoebe
Samuel,Bay,Sam
Aimee,Waters,Aimee
William,Cove,Will
Rosalie,Shore,Rosie
Finn,Harbour,Finn
Emily,Current,Emily
Jackson,Tide,Jaxon
Harper,Coast,Harper
Cody,Reef,Cody
Zara,Fern,Zara
Asher,Bay,Asher
Leah,Waters,Leah
Micah,Cove,Micah
Paula,Shore,Paula
